<?xml version="1.0" encoding="UTF-8"?>
<reportUnit><folder>/public/sandbox/Demos</folder><name>EmployeeAccounts</name><version>13</version><label>Employee Accounts</label><description>This report is prepared to be used with the PHP embedded demo. List of Accounts per Employee with link to edit account. </description><creationDate>2013-03-22T08:52:25.053-05:00</creationDate><updateDate>2013-04-25T10:22:12.129-05:00</updateDate><mainReport><localResource xmlns:xsi="http://www.w3.org/2001/XMLSchema-instance" dataFile="EmployeeAccountsJRXML.data" xsi:type="fileResource"><folder>/public/sandbox/Demos/EmployeeAccounts_files</folder><name>EmployeeAccountsJRXML</name><version>8</version><label>EmployeeAccountsJRXML Label</label><description>EmployeeAccountsJRXML description</description><creationDate>2013-03-22T08:52:25.053-05:00</creationDate><updateDate>2013-03-22T08:52:25.053-05:00</updateDate><fileType>jrxml</fileType></localResource></mainReport><dataSource><uri>/organizations/organization_1/datasources/JServerJNDIDS</uri></dataSource><inputControl><localResource xmlns:xsi="http://www.w3.org/2001/XMLSchema-instance" xsi:type="inputControl"><folder>/public/sandbox/Demos/EmployeeAccounts_files</folder><name>EmployeeID</name><version>13</version><label>Employee</label><creationDate>2013-03-22T08:52:25.053-05:00</creationDate><updateDate>2013-03-22T08:52:25.053-05:00</updateDate><type>4</type><mandatory>true</mandatory><readOnly>false</readOnly><visible>true</visible><query><localResource xsi:type="query"><folder>/public/sandbox/Demos/EmployeeAccounts_files/EmployeeID_files</folder><name>EmployeeQuery</name><version>0</version><label>Employee Query</label><creationDate>2013-03-22T08:52:25.053-05:00</creationDate><updateDate>2013-03-22T08:52:25.053-05:00</updateDate><language>sql</language><queryString>SELECT id, user_name FROM users WHERE employee_status = 'Active'</queryString></localResource></query><queryVisibleColumn>user_name</queryVisibleColumn><queryValueColumn>id</queryValueColumn></localResource></inputControl><inputControlRenderingView></inputControlRenderingView><alwaysPromptControls>false</alwaysPromptControls><controlsLayout>1</controlsLayout></reportUnit>